InvoiceID,InvoiceNo,DueDate,InvoiceDate,Paid,Total,InvoiceType,Status,Title,PaymentDate
45948,28244,2026-05-17,2026-04-17,0.0000,0.0000,Weekly,Paid,Weekly Invoice,
45909,28204,2026-05-10,2026-04-10,0.0000,0.0000,Weekly,Paid,Weekly Invoice,
45874,28169,2026-05-03,2026-04-03,0.0000,0.0000,Weekly,Paid,Weekly Invoice,
45801,28108,2026-05-01,2026-04-01,370.0000,370.0000,Recurring,Paid,ANI : Recurring Invoice,
45829,28128,2026-05-01,2026-04-01,2524.5000,2524.5000,Monthly,Paid,ANI : Monthly Invoice for Monthly Services Contract (copy) (copy),
45757,28066,2026-04-26,2026-03-27,0.0000,0.0000,Weekly,Paid,Weekly Invoice,
45709,28030,2026-04-19,2026-03-20,0.0000,0.0000,Weekly,Paid,Weekly Invoice,
45670,27993,2026-04-13,2026-03-14,0.0000,0.0000,Weekly,Paid,Weekly Invoice,
45641,27973,2026-04-05,2026-03-06,0.0000,0.0000,Weekly,Paid,Weekly Invoice,
45561,27967,2026-04-01,2026-03-01,2571.3500,2571.3500,Monthly,Paid,ANI : Monthly Invoice for Monthly Services Contract (copy) (copy),2026-03-20
45539,27885,2026-03-31,2026-03-01,370.0000,370.0000,Recurring,Paid,ANI : Recurring Invoice,2026-03-20
45461,27904,2026-03-29,2026-02-27,0.0000,0.0000,Weekly,Paid,Weekly Invoice,
45377,27828,2026-03-26,2026-02-24,98.0000,98.0000,Invoice,Paid,Missing Pen Testing Item,2026-03-20
45417,27839,2026-03-23,2026-02-21,0.0000,0.0000,Weekly,Paid,Weekly Invoice,
45121,27738,2026-03-08,2026-02-06,0.0000,0.0000,Weekly,Paid,Weekly Invoice,
45025,27676,2026-03-03,2026-02-01,2075.3500,2075.3500,Monthly,Paid,ANI : Monthly Invoice for Monthly Services Contract (copy) (copy),2026-02-23
45064,27713,2026-03-03,2026-02-01,370.0000,370.0000,Recurring,Paid,ANI : Recurring Invoice,2026-02-23
44984,27635,2026-03-01,2026-01-30,0.0000,0.0000,Weekly,Paid,Weekly Invoice,
44940,27596,2026-02-22,2026-01-23,0.0000,0.0000,Weekly,Paid,Weekly Invoice,
44897,27557,2026-02-15,2026-01-16,0.0000,0.0000,Weekly,Paid,Weekly Invoice,
44859,27518,2026-02-08,2026-01-09,0.0000,0.0000,Weekly,Paid,Weekly Invoice,
44784,27466,2026-02-01,2026-01-02,0.0000,0.0000,Weekly,Paid,Weekly Invoice,
44754,27437,2026-01-31,2026-01-01,0.0000,0.0000,Monthly,Void,ANI : Monthly Invoice for Monthly Services Contract (copy) (copy),
44722,27408,2026-01-31,2026-01-01,370.0000,370.0000,Recurring,Paid,ANI : Recurring Invoice,2026-01-21
44837,27509,2026-02-01,2026-01-01,2591.7500,2591.7500,Monthly,Paid,ANI : Monthly Invoice for Monthly Services Contract (copy) (copy),2026-02-09
44684,27371,2026-01-25,2025-12-26,0.0000,0.0000,Weekly,Paid,Weekly Invoice,
44656,27343,2026-01-18,2025-12-19,0.0000,0.0000,Weekly,Paid,Weekly Invoice,
44621,27308,2026-01-11,2025-12-12,0.0000,0.0000,Weekly,Paid,Weekly Invoice,
44456,27187,2025-12-31,2025-12-01,370.0000,370.0000,Recurring,Paid,ANI : Recurring Invoice,2025-12-19
44532,27248,2026-01-01,2025-12-01,2591.7500,2591.7500,Monthly,Paid,ANI : Monthly Invoice for Monthly Services Contract (copy) (copy),2025-12-19
44411,27132,2025-12-21,2025-11-21,337.5000,337.5000,WeeklyOut,Paid,Out Of Contract,2025-12-15
44274,27008,2025-12-01,2025-11-01,370.0000,370.0000,Recurring,Paid,ANI : Recurring Invoice,2025-12-15
44338,27045,2025-12-01,2025-11-01,2721.0000,2721.0000,Monthly,Paid,ANI : Monthly Invoice for Monthly Services Contract (copy) (copy),2025-12-15
44258,26995,2025-11-30,2025-10-31,1444.5000,1444.5000,WeeklyOut,Paid,Out Of Contract,2025-12-15
44151,26847,2025-11-16,2025-10-17,75.0000,75.0000,WeeklyOut,Paid,Out Of Contract,2025-12-19
44204,26763,2025-10-31,2025-10-01,2721.0000,2721.0000,Monthly,Paid,ANI : Monthly Invoice for Monthly Services Contract (copy) (copy),2025-10-27
44174,26762,2025-10-31,2025-10-01,370.0000,370.0000,Recurring,Paid,ANI : Recurring Invoice,
44092,26865,2025-10-26,2025-09-26,0.0000,0.0000,Weekly,Paid,Weekly Invoice,
44045,26714,2025-10-19,2025-09-19,0.0000,0.0000,Weekly,Paid,Weekly Invoice,
44008,26666,2025-10-12,2025-09-12,0.0000,0.0000,Weekly,Paid,Weekly Invoice,
43966,26617,2025-10-05,2025-09-05,0.0000,0.0000,Weekly,Paid,Weekly Invoice,
43941,26562,2025-10-01,2025-09-01,370.0000,370.0000,Recurring,Paid,ANI : Recurring Invoice,2025-09-22
43900,26522,2025-10-01,2025-09-01,2721.0000,2721.0000,Monthly,Paid,ANI : Monthly Invoice for Monthly Services Contract (copy) (copy),2025-09-22
43856,26583,2025-09-28,2025-08-29,0.0000,0.0000,Weekly,Paid,Weekly Invoice,
43814,26469,2025-09-21,2025-08-22,0.0000,0.0000,Weekly,Paid,Weekly Invoice,
43772,26376,2025-09-14,2025-08-15,0.0000,0.0000,Weekly,Paid,Weekly Invoice,
43733,26337,2025-09-07,2025-08-08,0.0000,0.0000,Weekly,Paid,Weekly Invoice,
43657,26195,2025-08-31,2025-08-01,2781.0000,2781.0000,Monthly,Paid,ANI : Monthly Invoice for Monthly Services Contract (copy) (copy),2025-08-25
43630,26168,2025-08-31,2025-08-01,370.0000,370.0000,Recurring,Paid,ANI : Recurring Invoice,2025-08-25
43690,26258,2025-08-31,2025-08-01,0.0000,0.0000,Weekly,Paid,Weekly Invoice,
43573,26101,2025-08-24,2025-07-25,0.0000,0.0000,Weekly,Paid,Weekly Invoice,
43567,26099,2025-08-24,2025-07-24,55.7400,55.7400,Invoice,Paid,Shipping for Wayne Andersen,2025-08-12
43561,26095,2025-08-20,2025-07-21,336.7100,336.7100,Invoice,Paid,QNAP Disk,2025-08-12
43521,26056,2025-08-17,2025-07-18,0.0000,0.0000,Weekly,Paid,Weekly Invoice,
43471,26011,2025-08-10,2025-07-11,0.0000,0.0000,Weekly,Paid,Weekly Invoice,
43432,25976,2025-08-03,2025-07-04,0.0000,0.0000,Weekly,Paid,Weekly Invoice,
43396,25943,2025-07-31,2025-07-01,2806.5000,2806.5000,Monthly,Paid,ANI : Monthly Invoice for Monthly Services Contract (copy) (copy),2025-07-21
43371,25918,2025-07-31,2025-07-01,670.0000,670.0000,Recurring,Paid,ANI : Recurring Invoice,2025-07-21
43327,25873,2025-07-27,2025-06-27,0.0000,0.0000,Weekly,Paid,Weekly Invoice,
43285,25832,2025-07-20,2025-06-20,0.0000,0.0000,Weekly,Paid,Weekly Invoice,
43246,25796,2025-07-13,2025-06-13,0.0000,0.0000,Weekly,Paid,Weekly Invoice,
43214,25756,2025-07-06,2025-06-06,0.0000,0.0000,Weekly,Paid,Weekly Invoice,
43176,25715,2025-07-01,2025-06-01,2781.2500,2781.2500,Monthly,Paid,ANI : Monthly Invoice for Monthly Services Contract (copy) (copy),2025-06-23
43152,25691,2025-07-01,2025-06-01,370.0000,370.0000,Recurring,Paid,ANI : Recurring Invoice,2025-06-23
43107,25645,2025-06-29,2025-05-30,0.0000,0.0000,Weekly,Paid,Weekly Invoice,
43072,25605,2025-06-22,2025-05-23,0.0000,0.0000,Weekly,Paid,Weekly Invoice,
43034,25569,2025-06-15,2025-05-16,0.0000,0.0000,Weekly,Paid,Weekly Invoice,
42995,25532,2025-06-08,2025-05-09,0.0000,0.0000,Weekly,Paid,Weekly Invoice,
42963,25493,2025-06-02,2025-05-03,0.0000,0.0000,Weekly,Paid,Weekly Invoice,
42949,25479,2025-05-31,2025-05-01,370.0000,370.0000,Recurring,Paid,ANI : Recurring Invoice,2025-05-20
42909,25441,2025-05-31,2025-05-01,2781.2500,2781.2500,Monthly,Paid,ANI : Monthly Invoice for Monthly Services Contract (copy) (copy),2025-05-20
42856,25380,2025-05-25,2025-04-25,0.0000,0.0000,Weekly,Paid,Weekly Invoice,
42818,25340,2025-05-18,2025-04-18,0.0000,0.0000,Weekly,Paid,Weekly Invoice,
42783,25303,2025-05-11,2025-04-11,0.0000,0.0000,Weekly,Paid,Weekly Invoice,
42737,25246,2025-05-04,2025-04-04,0.0000,0.0000,Weekly,Paid,Weekly Invoice,
42704,25222,2025-05-01,2025-04-01,2899.2500,2899.2500,Monthly,Paid,ANI : Monthly Invoice for Monthly Services Contract (copy) (copy),2025-04-21
42680,25195,2025-05-01,2025-04-01,370.0000,370.0000,Recurring,Paid,ANI : Recurring Invoice,2025-04-21
42625,25147,2025-04-27,2025-03-28,0.0000,0.0000,Weekly,Paid,Weekly Invoice,
42584,25107,2025-04-20,2025-03-21,0.0000,0.0000,Weekly,Paid,Weekly Invoice,
42536,25064,2025-04-13,2025-03-14,0.0000,0.0000,Weekly,Paid,Weekly Invoice,
42493,25029,2025-04-06,2025-03-07,0.0000,0.0000,Weekly,Paid,Weekly Invoice,
42487,25022,2025-04-05,2025-03-06,1120.0000,1120.0000,Invoice,Paid,Replace SFO Firewall,2025-04-01
42440,11725074,2025-03-31,2025-03-01,2873.2500,2873.2500,Monthly,Paid,ANI : Monthly Invoice for Monthly Services Contract (copy) (copy),2025-04-01
42397,11725032,2025-03-30,2025-02-28,0.0000,0.0000,Weekly,Paid,Weekly Invoice,
42379,11806,2025-03-24,2025-02-22,12.0000,12.0000,WeeklyOut,Paid,Out Of Contract,2025-04-01
42349,11778,2025-03-24,2025-02-22,0.0000,0.0000,Weekly,Paid,Weekly Invoice,
42313,12139,2025-03-16,2025-02-14,0.0000,0.0000,Weekly,Paid,Weekly Invoice,
42268,12098,2025-03-09,2025-02-07,0.0000,0.0000,Weekly,Paid,Weekly Invoice,
42242,12070,2025-03-03,2025-02-01,2849.5000,2849.5000,Monthly,Paid,ANI : Monthly Invoice for Monthly Services Contract (copy) (copy),2025-02-17
42175,12003,2025-03-02,2025-01-31,0.0000,0.0000,Weekly,Paid,Weekly Invoice,
42139,11967,2025-02-23,2025-01-24,0.0000,0.0000,Weekly,Paid,Weekly Invoice,
42098,11925,2025-02-16,2025-01-17,0.0000,0.0000,Weekly,Paid,Weekly Invoice,
42051,11878,2025-02-09,2025-01-10,0.0000,0.0000,Weekly,Paid,Weekly Invoice,
42011,11843,2025-02-02,2025-01-03,0.0000,0.0000,Weekly,Paid,Weekly Invoice,
41987,11817,2025-01-31,2025-01-01,2636.0000,2636.0000,Monthly,Paid,ANI : Monthly Invoice for Monthly Services Contract (copy) (copy),2025-01-22
41917,11747,2025-01-26,2024-12-27,0.0000,0.0000,Weekly,Paid,Weekly Invoice,
41884,11689,2025-01-19,2024-12-20,0.0000,0.0000,Weekly,Paid,Weekly Invoice,
41848,11655,2025-01-12,2024-12-13,0.0000,0.0000,Weekly,Paid,Weekly Invoice,
41813,11615,2025-01-05,2024-12-06,0.0000,0.0000,Weekly,Paid,Weekly Invoice,
41768,11571,2024-12-31,2024-12-01,2166.3500,2166.3500,Monthly,Paid,ANI : Monthly Invoice for Monthly Services Contract (copy) (copy),2024-12-23
41725,11525,2024-12-29,2024-11-29,0.0000,0.0000,Weekly,Paid,Weekly Invoice,
41671,11493,2024-12-22,2024-11-22,0.0000,0.0000,Weekly,Paid,Weekly Invoice,
41627,11454,2024-12-15,2024-11-15,0.0000,0.0000,Weekly,Paid,Weekly Invoice,
41556,11421,2024-12-08,2024-11-08,0.0000,0.0000,Weekly,Paid,Weekly Invoice,
41543,11410,2024-12-01,2024-11-01,2326.1000,2326.1000,Monthly,Paid,ANI : Monthly Invoice for Monthly Services Contract (copy) (copy),2024-11-25
41457,11332,2024-12-01,2024-11-01,0.0000,0.0000,Weekly,Paid,Weekly Invoice,
41417,11287,2024-11-25,2024-10-26,0.0000,0.0000,Weekly,Paid,Weekly Invoice,
41365,11231,2024-11-10,2024-10-11,0.0000,0.0000,Weekly,Paid,Weekly Invoice,
41331,11196,2024-11-03,2024-10-04,0.0000,0.0000,Weekly,Paid,Weekly Invoice,
41270,11146,2024-10-31,2024-10-01,2184.1000,2184.1000,Monthly,Paid,ANI : Monthly Invoice for Monthly Services Contract (copy) (copy),2024-10-22
41220,11092,2024-10-27,2024-09-27,0.0000,0.0000,Weekly,Paid,Weekly Invoice,
41189,11057,2024-10-20,2024-09-20,0.0000,0.0000,Weekly,Paid,Weekly Invoice,
41147,11017,2024-10-13,2024-09-13,0.0000,0.0000,Weekly,Paid,Weekly Invoice,
41106,10975,2024-10-06,2024-09-06,0.0000,0.0000,Weekly,Paid,Weekly Invoice,
41079,10949,2024-10-01,2024-09-01,2184.1000,2184.1000,Monthly,Paid,ANI : Monthly Invoice for Monthly Services Contract (copy) (copy),2024-09-18
40961,10871,2024-09-29,2024-08-30,0.0000,0.0000,Weekly,Paid,Weekly Invoice,
40916,10827,2024-09-22,2024-08-23,0.0000,0.0000,Weekly,Paid,Weekly Invoice,
40870,10785,2024-09-15,2024-08-16,0.0000,0.0000,Weekly,Paid,Weekly Invoice,
40835,10746,2024-09-08,2024-08-09,0.0000,0.0000,Weekly,Paid,Weekly Invoice,
40788,10691,2024-09-01,2024-08-02,0.0000,0.0000,Weekly,Paid,Weekly Invoice,
40734,10645,2024-08-31,2024-08-01,2114.3500,2114.3500,Monthly,Paid,ANI : Monthly Invoice for Monthly Services Contract (copy) (copy),2024-08-19
40683,10595,2024-08-25,2024-07-26,0.0000,0.0000,Weekly,Paid,Weekly Invoice,
40637,10554,2024-08-18,2024-07-19,0.0000,0.0000,Weekly,Paid,Weekly Invoice,
40597,10512,2024-08-11,2024-07-12,0.0000,0.0000,Weekly,Paid,Weekly Invoice,
40543,10465,2024-08-04,2024-07-05,0.0000,0.0000,Weekly,Paid,Weekly Invoice,
40532,10453,2024-08-03,2024-07-03,350.1800,350.1800,Invoice,Paid,UPS Battey Replacement,2024-07-22
40509,10421,2024-07-31,2024-07-01,300.0000,300.0000,Recurring,Paid,ANI : Recurring Invoice,2024-07-22
40475,10392,2024-07-31,2024-07-01,2114.8500,2114.8500,Monthly,Paid,ANI : Monthly Invoice for Monthly Services Contract (copy) (copy),2024-07-22
40417,10342,2024-07-28,2024-06-28,0.0000,0.0000,Weekly,Paid,Weekly Invoice,
40363,10295,2024-07-21,2024-06-21,0.0000,0.0000,Weekly,Paid,Weekly Invoice,
40307,10230,2024-07-14,2024-06-14,0.0000,0.0000,Weekly,Paid,Weekly Invoice,
40258,10175,2024-07-07,2024-06-07,0.0000,0.0000,Weekly,Paid,Weekly Invoice,
40220,10137,2024-07-01,2024-06-01,2067.3500,2067.3500,Monthly,Paid,ANI : Monthly Invoice for Monthly Services Contract (copy) (copy),2024-06-24
40130,10061,2024-06-30,2024-05-31,0.0000,0.0000,Weekly,Paid,Weekly Invoice,
40094,10027,2024-06-23,2024-05-24,0.0000,0.0000,Weekly,Paid,Weekly Invoice,
39958,9958,2024-06-16,2024-05-17,0.0000,0.0000,Weekly,Paid,Weekly Invoice,
39898,9898,2024-06-09,2024-05-10,0.0000,0.0000,Weekly,Paid,Weekly Invoice,
39829,9833,2024-06-02,2024-05-03,0.0000,0.0000,Weekly,Paid,Weekly Invoice,
39805,9807,2024-05-31,2024-05-01,2021.3500,2021.3500,Monthly,Paid,ANI : Monthly Invoice for Monthly Services Contract (copy) (copy),2024-05-20
39707,9706,2024-05-26,2024-04-26,0.0000,0.0000,Weekly,Paid,Weekly Invoice,
39626,9645,2024-05-19,2024-04-19,0.0000,0.0000,Weekly,Paid,Weekly Invoice,
39565,9548,2024-04-27,2024-04-12,0.0000,0.0000,Weekly,Paid,Weekly Invoice,
39500,9477,2024-04-20,2024-04-05,0.0000,0.0000,Weekly,Paid,Weekly Invoice,
39419,9588,2024-04-30,2024-04-01,2021.3500,2021.3500,Monthly,Paid,ANI : Monthly Invoice for Monthly Services Contract (copy) (copy),2024-04-18
39303,9351,2024-04-13,2024-03-29,0.0000,0.0000,Weekly,Paid,Weekly Invoice,
39230,9275,2024-04-06,2024-03-22,0.0000,0.0000,Weekly,Paid,Weekly Invoice,
39263,9308,2024-04-06,2024-03-22,0.0000,0.0000,WeeklyOut,Paid,Out Of Contract,
39214,9264,2024-04-02,2024-03-18,0.0000,0.0000,Weekly,Paid,Weekly Invoice,
39200,9249,2024-03-30,2024-03-15,0.0000,0.0000,WeeklyOut,Paid,Out Of Contract,
39098,9150,2024-03-23,2024-03-08,0.0000,0.0000,Weekly,Paid,Weekly Invoice,
39130,9183,2024-03-23,2024-03-08,0.0000,0.0000,WeeklyOut,Paid,Out Of Contract,
38942,9042,2024-03-16,2024-03-01,0.0000,0.0000,Weekly,Paid,Weekly Invoice,
38973,9043,2024-03-16,2024-03-01,0.0000,0.0000,WeeklyOut,Paid,Out Of Contract,
38995,9058,2024-03-16,2024-03-01,2021.3500,2021.3500,Monthly,Paid,ANI : Monthly Invoice for Monthly Services Contract (copy) (copy),2024-03-25
38863,8916,2024-03-09,2024-02-23,0.0000,0.0000,Weekly,Paid,Weekly Invoice,
38797,8855,2024-03-02,2024-02-16,0.0000,0.0000,Weekly,Paid,Weekly Invoice,
38731,8790,2024-02-24,2024-02-09,0.0000,0.0000,Weekly,Paid,Weekly Invoice,
38675,8732,2024-02-17,2024-02-02,0.0000,0.0000,Weekly,Paid,Weekly Invoice,
38585,8683,2024-02-16,2024-02-01,2018.5000,2018.5000,Monthly,Paid,ANI : Monthly Invoice for Monthly Services Contract (copy) (copy),2024-02-12
38511,8608,2024-02-10,2024-01-26,0.0000,0.0000,Weekly,Paid,Weekly Invoice,
38452,8550,2024-02-03,2024-01-19,0.0000,0.0000,Weekly,Paid,Weekly Invoice,
38393,8494,2024-01-27,2024-01-12,0.0000,0.0000,Weekly,Paid,Weekly Invoice,
38334,8441,2024-01-20,2024-01-05,0.0000,0.0000,Weekly,Paid,Weekly Invoice,
38273,8391,2024-01-16,2024-01-01,2024.2000,2024.2000,Monthly,Paid,ANI : Monthly Invoice for Monthly Services Contract (copy) (copy),2024-01-24
38178,8289,2024-01-13,2023-12-29,0.0000,0.0000,Weekly,Paid,Weekly Invoice,
38131,8248,2024-01-06,2023-12-22,0.0000,0.0000,Weekly,Paid,Weekly Invoice,
38072,8203,2023-12-30,2023-12-15,0.0000,0.0000,Weekly,Paid,Weekly Invoice,
38029,8001,2023-12-23,2023-12-08,0.0000,0.0000,Weekly,Paid,Weekly Invoice,
37943,5976,2023-12-16,2023-12-01,2018.5000,2018.5000,Monthly,Paid,ANI : Monthly Invoice for Monthly Services Contract (copy) (copy),2024-01-02
37993,5984,2023-12-16,2023-12-01,0.0000,0.0000,Weekly,Paid,Weekly Invoice,
37885,5875,2023-12-09,2023-11-24,0.0000,0.0000,Weekly,Paid,Weekly Invoice,
37846,5836,2023-12-02,2023-11-17,0.0000,0.0000,Weekly,Paid,Weekly Invoice,
37799,5797,2023-11-25,2023-11-10,0.0000,0.0000,Weekly,Paid,Weekly Invoice,
37747,5749,2023-11-18,2023-11-03,0.0000,0.0000,Weekly,Paid,Weekly Invoice,
37720,5719,2023-11-16,2023-11-01,2018.5000,2018.5000,Monthly,Paid,ANI : Monthly Invoice for Monthly Services Contract (copy) (copy),2023-11-21
37625,5638,2023-11-11,2023-10-27,0.0000,0.0000,Weekly,Paid,Weekly Invoice,
37583,5583,2023-11-04,2023-10-20,0.0000,0.0000,Weekly,Paid,Weekly Invoice,
37532,5538,2023-10-28,2023-10-13,0.0000,0.0000,Weekly,Paid,Weekly Invoice,
37489,5494,2023-10-21,2023-10-06,0.0000,0.0000,Weekly,Paid,Weekly Invoice,
37462,5487,2023-10-16,2023-10-01,2018.5000,2018.5000,Monthly,Paid,ANI : Monthly Invoice for Monthly Services Contract (copy) (copy),
37387,5396,2023-10-14,2023-09-29,0.0000,0.0000,Weekly,Paid,Weekly Invoice,
37343,5355,2023-10-07,2023-09-22,0.0000,0.0000,Weekly,Paid,Weekly Invoice,
37292,5308,2023-09-30,2023-09-15,0.0000,0.0000,Weekly,Paid,Weekly Invoice,
37234,5272,2023-09-23,2023-09-08,0.0000,0.0000,Weekly,Paid,Weekly Invoice,
37140,5175,2023-09-16,2023-09-01,2018.5000,2018.5000,Monthly,Paid,ANI : Monthly Invoice for Monthly Services Contract (copy) (copy),
37192,5229,2023-09-16,2023-09-01,0.0000,0.0000,Weekly,Paid,Weekly Invoice,
37075,5121,2023-09-09,2023-08-25,0.0000,0.0000,Weekly,Paid,Weekly Invoice,
37034,5073,2023-09-02,2023-08-18,0.0000,0.0000,Weekly,Paid,Weekly Invoice,
36987,5024,2023-08-26,2023-08-11,0.0000,0.0000,Weekly,Paid,Weekly Invoice,
36947,4988,2023-08-19,2023-08-04,0.0000,0.0000,Weekly,Paid,Weekly Invoice,
36895,4930,2023-08-16,2023-08-01,1958.5000,1958.5000,Monthly,Paid,ANI : Monthly Invoice for Monthly Services Contract (copy) (copy),
36841,4882,2023-08-12,2023-07-28,0.0000,0.0000,Weekly,Paid,Weekly Invoice,
36792,4841,2023-08-05,2023-07-21,87.0000,87.0000,Weekly,Paid,Weekly Invoice,
36753,4801,2023-07-29,2023-07-14,0.0000,0.0000,Weekly,Paid,Weekly Invoice,
36708,4756,2023-07-22,2023-07-07,0.0000,0.0000,Weekly,Paid,Weekly Invoice,
36655,4707,2023-07-16,2023-07-01,1969.0000,1969.0000,Monthly,Paid,ANI : Monthly Invoice for Monthly Services Contract (copy) (copy),2023-07-14
36690,4741,2023-07-16,2023-07-01,300.0000,300.0000,Recurring,Paid,ANI : Recurring Invoice,2023-07-14
36600,4655,2023-07-15,2023-06-30,0.0000,0.0000,Weekly,Paid,Weekly Invoice,
36550,4611,2023-07-08,2023-06-23,0.0000,0.0000,Weekly,Paid,Weekly Invoice,
36506,4565,2023-07-01,2023-06-16,0.0000,0.0000,Weekly,Paid,Weekly Invoice,
36461,4520,2023-06-24,2023-06-09,0.0000,0.0000,Weekly,Paid,Weekly Invoice,
36380,4448,2023-06-17,2023-06-02,0.0000,0.0000,Weekly,Paid,Weekly Invoice,
36356,4434,2023-06-16,2023-06-01,0.0000,0.0000,Monthly,Void,ANI : Monthly Invoice for Monthly Services Contract (copy) (copy),
36433,4486,2023-06-16,2023-06-01,1971.0000,1971.0000,Monthly,Paid,ANI : Monthly Invoice for Monthly Services Contract (copy) (copy),2023-06-20
36270,4345,2023-06-10,2023-05-26,150.0000,150.0000,Weekly,Paid,Weekly Invoice,2023-06-20
36235,4308,2023-06-03,2023-05-19,0.0000,0.0000,Weekly,Paid,Weekly Invoice,
36194,4262,2023-05-27,2023-05-12,0.0000,0.0000,Weekly,Paid,Weekly Invoice,
36132,4223,2023-05-20,2023-05-05,175.5000,175.5000,Weekly,Paid,Weekly Invoice,2023-06-07
36085,4171,2023-05-16,2023-05-01,2133.5000,2133.5000,Monthly,Paid,ANI : Monthly Invoice for Monthly Services Contract (copy) (copy),2023-05-22
36034,4123,2023-05-13,2023-04-28,262.5000,262.5000,Weekly,Paid,Weekly Invoice,2023-05-15
35993,4085,2023-05-06,2023-04-21,0.0000,0.0000,Weekly,Paid,Weekly Invoice,
35957,4047,2023-04-29,2023-04-14,1272.0000,1272.0000,Weekly,Paid,Weekly Invoice,2023-05-09
35919,4012,2023-04-22,2023-04-07,0.0000,0.0000,Weekly,Paid,Weekly Invoice,
35873,3964,2023-04-16,2023-04-01,2781.0000,2781.0000,Monthly,Paid,ANI : Monthly Invoice for Monthly Services Contract (copy) (copy),2023-04-24
35826,3914,2023-04-15,2023-03-31,0.0000,0.0000,Weekly,Paid,Weekly Invoice,
35794,3881,2023-04-08,2023-03-24,0.0000,0.0000,Weekly,Paid,Weekly Invoice,
35757,3876,2023-04-16,2023-03-17,25.5000,25.5000,Weekly,Paid,Weekly Invoice,2023-05-02
35716,3834,2023-04-09,2023-03-10,0.0000,0.0000,Weekly,Paid,Weekly Invoice,
35681,3791,2023-04-02,2023-03-03,0.0000,0.0000,Weekly,Paid,Weekly Invoice,
35603,3720,2023-04-01,2023-03-01,2941.0000,2941.0000,Monthly,Paid,ANI : Monthly Invoice for Monthly Services Contract (copy) (copy),2023-03-21
35551,3663,2023-03-26,2023-02-24,0.0000,0.0000,Weekly,Paid,Weekly Invoice,
35517,3631,2023-03-19,2023-02-17,0.0000,0.0000,Weekly,Paid,Weekly Invoice,
35477,3589,2023-03-12,2023-02-10,0.0000,0.0000,Weekly,Paid,Weekly Invoice,
35437,3493,2023-03-05,2023-02-03,0.0000,0.0000,Weekly,Paid,Weekly Invoice,
35390,3541,2023-03-01,2023-02-01,2857.0000,2857.0000,Monthly,Paid,ANI : Monthly Invoice for Monthly Services Contract (copy) (copy),2023-02-28
35337,3451,2023-02-26,2023-01-27,0.0000,0.0000,Weekly,Paid,Weekly Invoice,
35298,3417,2023-02-19,2023-01-20,0.0000,0.0000,Weekly,Paid,Weekly Invoice,
35262,3366,2023-02-12,2023-01-13,0.0000,0.0000,Weekly,Paid,Weekly Invoice,
35219,3282,2023-02-05,2023-01-06,0.0000,0.0000,Weekly,Paid,Weekly Invoice,
35156,3329,2023-02-01,2023-01-01,2225.5000,2225.5000,Monthly,Paid,ANI : Monthly Invoice for Monthly Services Contract (copy) (copy),2023-01-23
35103,3222,2023-01-29,2022-12-30,0.0000,0.0000,Weekly,Paid,Weekly Invoice,
35071,3189,2023-01-22,2022-12-23,0.0000,0.0000,Weekly,Paid,Weekly Invoice,
35035,3157,2023-01-15,2022-12-16,0.0000,0.0000,Weekly,Paid,Weekly Invoice,
35000,3115,2023-01-08,2022-12-09,0.0000,0.0000,Weekly,Paid,Weekly Invoice,
34957,3075,2023-01-01,2022-12-02,0.0000,0.0000,Weekly,Paid,Weekly Invoice,
34908,3035,2023-01-01,2022-12-01,2100.5000,2100.5000,Monthly,Paid,ANI : Monthly Invoice for Monthly Services Contract (copy) (copy),2022-12-19
34853,2975,2022-12-25,2022-11-25,0.0000,0.0000,Weekly,Paid,Weekly Invoice,
34805,2941,2022-12-18,2022-11-18,0.0000,0.0000,Weekly,Paid,Weekly Invoice,
34758,2891,2022-12-11,2022-11-11,0.0000,0.0000,Weekly,Paid,Weekly Invoice,
34718,2857,2022-12-04,2022-11-04,0.0000,0.0000,Weekly,Paid,Weekly Invoice,
34682,2823,2022-12-01,2022-11-01,2090.0000,2090.0000,Monthly,Paid,ANI : Monthly Invoice for Monthly Services Contract (copy) (copy),2022-11-28
34627,2765,2022-11-27,2022-10-28,499.5000,499.5000,Weekly,Paid,Weekly Invoice,
34581,2717,2022-11-20,2022-10-21,0.0000,0.0000,Weekly,Paid,Weekly Invoice,
34549,2686,2022-11-13,2022-10-14,0.0000,0.0000,Weekly,Paid,Weekly Invoice,
34515,2654,2022-11-06,2022-10-07,0.0000,0.0000,Weekly,Paid,Weekly Invoice,
34505,2647,2022-11-01,2022-10-01,2383.5000,2383.5000,Monthly,Paid,ANI : Monthly Invoice for Monthly Services Contract (copy) (copy),2022-10-18
34344,2569,2022-10-30,2022-09-30,0.0000,0.0000,Weekly,Paid,Weekly Invoice,
34302,2533,2022-10-23,2022-09-23,0.0000,0.0000,Weekly,Paid,Weekly Invoice,
34273,2505,2022-10-16,2022-09-16,0.0000,0.0000,Weekly,Paid,Weekly Invoice,
34235,2171,2022-10-09,2022-09-09,0.0000,0.0000,Weekly,Paid,Weekly Invoice,
34200,2139,2022-10-02,2022-09-02,0.0000,0.0000,Weekly,Paid,Weekly Invoice,
34187,2127,2022-10-01,2022-09-01,2133.5000,2133.5000,Monthly,Paid,ANI : Monthly Invoice for Monthly Services Contract (copy) (copy),2022-09-19
34099,2045,2022-09-25,2022-08-26,0.0000,0.0000,Weekly,Paid,Weekly Invoice,
34070,2016,2022-09-18,2022-08-19,0.0000,0.0000,Weekly,Paid,Weekly Invoice,
34038,1986,2022-09-11,2022-08-12,0.0000,0.0000,Weekly,Paid,Weekly Invoice,
34005,1950,2022-09-04,2022-08-05,0.0000,0.0000,Weekly,Paid,Weekly Invoice,
33956,1922,2022-09-01,2022-08-01,2133.5000,2133.5000,Monthly,Paid,ANI : Monthly Invoice for Monthly Services Contract (copy) (copy),2022-08-22
33904,1843,2022-08-28,2022-07-29,0.0000,0.0000,Weekly,Paid,Weekly Invoice,
33878,1818,2022-08-21,2022-07-22,0.0000,0.0000,Weekly,Paid,Weekly Invoice,
33849,1787,2022-08-14,2022-07-15,0.0000,0.0000,Weekly,Paid,Weekly Invoice,
33817,1708,2022-08-07,2022-07-08,0.0000,0.0000,Weekly,Paid,Weekly Invoice,
33779,1671,2022-07-31,2022-07-01,0.0000,0.0000,Weekly,Paid,Weekly Invoice,
33742,1633,2022-08-01,2022-07-01,300.0000,300.0000,Recurring,Paid,ANI : Recurring Invoice,2022-07-18
33772,1666,2022-08-01,2022-07-01,2116.0000,2116.0000,Monthly,Paid,ANI : Monthly Invoice for Monthly Services Contract (copy) (copy),2022-07-18
33677,1575,2022-07-24,2022-06-24,0.0000,0.0000,Weekly,Paid,Weekly Invoice,
33650,1550,2022-07-17,2022-06-17,0.0000,0.0000,Weekly,Paid,Weekly Invoice,
32608,1514,2022-07-10,2022-06-10,0.0000,0.0000,Weekly,Paid,Weekly Invoice,
32573,1480,2022-07-03,2022-06-03,0.0000,0.0000,Weekly,Paid,Weekly Invoice,
32567,1473,2022-07-01,2022-06-01,2041.2500,2041.2500,Monthly,Paid,ANI : Monthly Invoice for Monthly Services Contract (copy) (copy),2022-06-22
32497,1407,2022-07-01,2022-06-01,0.0000,0.0000,Monthly,Void,ANI : Monthly Invoice for Monthly Services Contract (copy) (copy),
32432,1345,2022-06-26,2022-05-27,0.0000,0.0000,Weekly,Paid,Weekly Invoice,
32397,1308,2022-06-19,2022-05-20,0.0000,0.0000,Weekly,Paid,Weekly Invoice,
32351,1272,2022-06-12,2022-05-13,0.0000,0.0000,Weekly,Paid,Weekly Invoice,
31317,1234,2022-06-05,2022-05-06,0.0000,0.0000,Weekly,Paid,Weekly Invoice,
31290,1227,2022-06-01,2022-05-01,3430.2000,3430.2000,Monthly,Paid,ANI : Monthly Invoice for Monthly Services Contract (copy) (copy),2022-06-02
31164,1127,2022-05-29,2022-04-29,0.0000,0.0000,Weekly,Paid,Weekly Invoice,
31120,1085,2022-05-22,2022-04-22,135.0000,135.0000,Weekly,Paid,Weekly Invoice,2022-06-02
31102,1068,2022-05-18,2022-04-18,86.2000,86.2000,Invoice,Paid,Late fee on invoice #697,
31064,1032,2022-05-15,2022-04-15,0.0000,0.0000,Weekly,Paid,Weekly Invoice,
31013,988,2022-05-08,2022-04-08,0.0000,0.0000,Weekly,Paid,Weekly Invoice,
30980,934,2022-05-01,2022-04-01,3557.2500,3557.2500,Monthly,Paid,ANI : Monthly Invoice for Monthly Services Contract (copy) (copy),2022-04-20
30871,874,2022-05-01,2022-04-01,0.0000,0.0000,Weekly,Paid,Weekly Invoice,
30861,978,2022-04-27,2022-03-28,96.0000,96.0000,Invoice,Paid,Hardware,2022-04-20
30858,977,2022-04-28,2022-03-28,1283.7900,1283.7900,Invoice,Paid,10Gbe NICS,2022-04-20
30820,836,2022-04-24,2022-03-25,0.0000,0.0000,Weekly,Paid,Weekly Invoice,
30766,794,2022-04-17,2022-03-18,0.0000,0.0000,Weekly,Paid,Weekly Invoice,
30705,745,2022-04-10,2022-03-11,0.0000,0.0000,Weekly,Paid,Weekly Invoice,
30651,707,2022-04-03,2022-03-04,0.0000,0.0000,Weekly,Paid,Weekly Invoice,
30588,636,2022-04-01,2022-03-01,3655.3200,3655.3200,Monthly,Paid,ANI : Monthly Invoice for Monthly Services Contract (copy),2022-03-28
30527,600,2022-03-27,2022-02-25,600.0000,600.0000,Weekly,Paid,Weekly Invoice,2022-03-14
30480,565,2022-03-20,2022-02-18,0.0000,0.0000,Weekly,Paid,Weekly Invoice,
30474,697,2022-03-15,2022-02-15,861.9800,861.9800,Invoice,Paid,APC Battery,2022-06-02
30440,521,2022-03-13,2022-02-11,0.0000,0.0000,Weekly,Paid,Weekly Invoice,
30306,474,2022-03-04,2022-02-04,5170.9200,5170.9200,Invoice,Paid,QNAP 60TB NAS,2022-03-14
30399,477,2022-03-06,2022-02-04,0.0000,0.0000,Weekly,Paid,Weekly Invoice,
30326,466,2022-03-01,2022-02-01,4190.7200,4190.7200,Monthly,Paid,ANI : Monthly Invoice for Monthly Services Contract (copy),2022-02-10
30265,396,2022-02-28,2022-01-31,1500.0000,1500.0000,Invoice,Paid,Server Transfer,2022-03-14
30267,359,2022-02-27,2022-01-28,0.0000,0.0000,Weekly,Paid,Weekly Invoice,
29945,354,2022-02-27,2022-01-27,43436.3600,43436.3600,Invoice,Paid,New R750 Double Memory Double SAS Storage,2022-04-27
30223,309,2022-02-20,2022-01-21,0.0000,0.0000,Weekly,Paid,Weekly Invoice,
30183,265,2022-02-13,2022-01-14,487.5000,487.5000,Weekly,Paid,Weekly Invoice,2022-01-24
30145,227,2022-02-06,2022-01-07,487.5000,487.5000,Weekly,Paid,Weekly Invoice,2022-01-24
30142,202,2022-02-04,2022-01-04,1363.0000,1363.0000,Invoice,Paid,Memory for ANI,2022-01-24
30059,156,2022-02-01,2022-01-01,3119.9200,3119.9200,Monthly,Paid,ANI : Monthly Invoice for Monthly Services Contract (copy),2022-01-24
30006,98,2022-01-30,2021-12-31,0.0000,0.0000,Weekly,Paid,Weekly Invoice,
29960,53,2022-01-23,2021-12-24,450.0000,450.0000,Weekly,Paid,Weekly Invoice,2022-01-24
29902,05,2022-01-16,2021-12-17,0.0000,0.0000,Weekly,Paid,Weekly Invoice,
29857,43822,2022-01-09,2021-12-10,0.0000,0.0000,Weekly,Paid,Weekly Invoice,
29815,43781,2022-01-02,2021-12-03,0.0000,0.0000,Weekly,Paid,Weekly Invoice,
29734,43719,2022-01-01,2021-12-01,2403.7700,2403.7700,Monthly,Paid,ANI : Monthly Invoice for Monthly Services Contract (copy),2021-12-20
29677,43670,2021-12-26,2021-11-26,0.0000,0.0000,Weekly,Paid,Weekly Invoice,
29639,43632,2021-12-19,2021-11-19,0.0000,0.0000,Weekly,Paid,Weekly Invoice,
29589,43585,2021-12-12,2021-11-12,0.0000,0.0000,Weekly,Paid,Weekly Invoice,
29544,43539,2021-12-05,2021-11-05,0.0000,0.0000,Weekly,Paid,Weekly Invoice,
29440,43784,2021-12-01,2021-11-01,2403.7700,2403.7700,Monthly,Paid,ANI : Monthly Invoice for Monthly Services Contract (copy),2021-12-07
29379,43727,2021-11-28,2021-10-29,87.0000,87.0000,Weekly,Paid,Weekly Invoice,2021-12-07
29368,43723,2021-11-25,2021-10-25,1175.3400,1175.3400,Invoice,Paid,memory upgrade,2021-12-07
29330,43685,2021-11-21,2021-10-22,0.0000,0.0000,Weekly,Paid,Weekly Invoice,
29279,43643,2021-11-14,2021-10-15,0.0000,0.0000,Weekly,Paid,Weekly Invoice,
29219,43598,2021-11-07,2021-10-08,0.0000,0.0000,Weekly,Paid,Weekly Invoice,
29125,43519,2021-11-01,2021-10-01,2403.7700,2403.7700,Monthly,Paid,ANI : Monthly Invoice for Monthly Services Contract (copy),2021-10-19
29176,43554,2021-10-31,2021-10-01,0.0000,0.0000,Weekly,Paid,Weekly Invoice,
28983,43415,2021-10-24,2021-09-24,0.0000,0.0000,Weekly,Paid,Weekly Invoice,
28941,43371,2021-10-17,2021-09-17,0.0000,0.0000,Weekly,Paid,Weekly Invoice,
28902,43332,2021-10-10,2021-09-10,0.0000,0.0000,Weekly,Paid,Weekly Invoice,
28862,43288,2021-10-03,2021-09-03,0.0000,0.0000,Weekly,Paid,Weekly Invoice,
28795,43229,2021-10-01,2021-09-01,2403.7700,2403.7700,Monthly,Paid,ANI : Monthly Invoice for Monthly Services Contract (copy),
28684,43164,2021-09-26,2021-08-27,0.0000,0.0000,Weekly,Paid,Weekly Invoice,
28643,43122,2021-09-19,2021-08-20,0.0000,0.0000,Weekly,Paid,Weekly Invoice,
28588,43081,2021-09-12,2021-08-13,0.0000,0.0000,Weekly,Paid,Weekly Invoice,
28541,43025,2021-09-05,2021-08-06,0.0000,0.0000,Weekly,Paid,Weekly Invoice,
28464,42937,2021-09-01,2021-08-01,2365.6100,2365.6100,Monthly,Paid,ANI : Monthly Invoice for Monthly Services Contract (copy),2021-08-23
28409,42893,2021-08-29,2021-07-30,0.0000,0.0000,Weekly,Paid,Weekly Invoice,
28369,42842,2021-08-22,2021-07-23,0.0000,0.0000,Weekly,Paid,Weekly Invoice,
28323,42798,2021-08-15,2021-07-16,0.0000,0.0000,Weekly,Paid,Weekly Invoice,
28282,42755,2021-08-08,2021-07-09,0.0000,0.0000,Weekly,Paid,Weekly Invoice,
28236,42708,2021-08-01,2021-07-02,0.0000,0.0000,Weekly,Paid,Weekly Invoice,
28180,42652,2021-08-01,2021-07-01,2221.5700,2221.5700,Monthly,Paid,ANI : Monthly Invoice for Monthly Services Contract (copy),2021-07-29
28118,42589,2021-07-25,2021-06-25,0.0000,0.0000,Weekly,Paid,Weekly Invoice,
28080,42548,2021-07-18,2021-06-18,0.0000,0.0000,Weekly,Paid,Weekly Invoice,
28034,42502,2021-07-11,2021-06-11,0.0000,0.0000,Weekly,Paid,Weekly Invoice,
27999,42464,2021-07-04,2021-06-04,0.0000,0.0000,Weekly,Paid,Weekly Invoice,
27936,42427,2021-07-01,2021-06-01,2207.4000,2207.4000,Monthly,Paid,ANI : Monthly Invoice for Monthly Services Contract (copy),2021-06-22
27880,42356,2021-06-27,2021-05-28,0.0000,0.0000,Weekly,Paid,Weekly Invoice,
27836,42310,2021-06-20,2021-05-21,0.0000,0.0000,Weekly,Paid,Weekly Invoice,
27790,42267,2021-06-13,2021-05-14,0.0000,0.0000,Weekly,Paid,Weekly Invoice,
27753,42226,2021-06-06,2021-05-07,0.0000,0.0000,Weekly,Paid,Weekly Invoice,
27747,42222,2021-06-04,2021-05-05,176.7100,176.7100,Invoice,Paid,Sophos 1 Year License,2021-06-01
27692,42168,2021-06-01,2021-05-01,2812.9000,2812.9000,Monthly,Paid,ANI : Monthly Invoice for Monthly Services Contract (copy),2021-06-01
27636,42119,2021-05-30,2021-04-30,0.0000,0.0000,Weekly,Paid,Weekly Invoice,
27595,42076,2021-05-23,2021-04-23,0.0000,0.0000,Weekly,Paid,Weekly Invoice,
27556,42031,2021-05-16,2021-04-16,0.0000,0.0000,Weekly,Paid,Weekly Invoice,
27518,41990,2021-05-09,2021-04-09,0.0000,0.0000,Weekly,Paid,Weekly Invoice,
27397,41883,2021-05-02,2021-04-02,0.0000,0.0000,Weekly,Paid,Weekly Invoice,
27453,41965,2021-05-01,2021-04-01,2854.1500,2854.1500,Monthly,Paid,ANI : Monthly Invoice for Monthly Services Contract (copy),
27357,41845,2021-04-25,2021-03-26,0.0000,0.0000,Weekly,Paid,Weekly Invoice,
27321,41807,2021-04-18,2021-03-19,0.0000,0.0000,Weekly,Paid,Weekly Invoice,
27280,41762,2021-04-11,2021-03-12,0.0000,0.0000,Weekly,Paid,Weekly Invoice,
27233,41714,2021-04-04,2021-03-05,0.0000,0.0000,Weekly,Paid,Weekly Invoice,
27168,41648,2021-04-01,2021-03-01,2925.4000,2925.4000,Monthly,Paid,ANI : Monthly Invoice for Monthly Services Contract (copy),2021-03-29
27132,41620,2021-03-28,2021-02-26,0.0000,0.0000,Weekly,Paid,Weekly Invoice,
27087,41557,2021-03-21,2021-02-19,0.0000,0.0000,Weekly,Paid,Weekly Invoice,
27041,41534,2021-03-14,2021-02-12,0.0000,0.0000,Weekly,Paid,Weekly Invoice,
26999,41493,2021-03-07,2021-02-05,0.0000,0.0000,Weekly,Paid,Weekly Invoice,
26900,41398,2021-03-01,2021-02-01,2981.4900,2981.4900,Monthly,Paid,ANI : Monthly Invoice for Monthly Services Contract (copy),2021-02-16
26864,41377,2021-02-28,2021-01-29,0.0000,0.0000,Weekly,Paid,Weekly Invoice,
26823,41336,2021-02-21,2021-01-22,0.0000,0.0000,Weekly,Paid,Weekly Invoice,
26786,41299,2021-02-14,2021-01-15,0.0000,0.0000,Weekly,Paid,Weekly Invoice,
26742,41250,2021-02-07,2021-01-08,0.0000,0.0000,Weekly,Paid,Weekly Invoice,
26621,41141,2021-01-31,2021-01-01,0.0000,0.0000,Weekly,Paid,Weekly Invoice,
26658,41174,2021-02-01,2021-01-01,2966.7600,2966.7600,Monthly,Paid,ANI : Monthly Invoice for Monthly Services Contract (copy),2021-01-27
26582,41099,2021-01-24,2020-12-25,0.0000,0.0000,Weekly,Paid,Weekly Invoice,
26543,41060,2021-01-17,2020-12-18,0.0000,0.0000,Weekly,Paid,Weekly Invoice,
26502,41007,2021-01-10,2020-12-11,0.0000,0.0000,Weekly,Paid,Weekly Invoice,
26461,40967,2021-01-03,2020-12-04,0.0000,0.0000,Weekly,Paid,Weekly Invoice,
26384,40893,2021-01-01,2020-12-01,2954.7300,2954.7300,Monthly,Paid,ANI : Monthly Invoice for Monthly Services Contract (copy),
26346,40856,2020-12-27,2020-11-27,0.0000,0.0000,Weekly,Paid,Weekly Invoice,
26309,40820,2020-12-20,2020-11-20,0.0000,0.0000,Weekly,Paid,Weekly Invoice,
26269,40773,2020-12-13,2020-11-13,0.0000,0.0000,Weekly,Paid,Weekly Invoice,
26223,40712,2020-12-06,2020-11-06,0.0000,0.0000,Weekly,Paid,Weekly Invoice,
26149,40665,2020-12-01,2020-11-01,3002.1300,3002.1300,Monthly,Paid,ANI : Monthly Invoice for Monthly Services Contract (copy),2020-11-24
26113,40601,2020-11-29,2020-10-30,0.0000,0.0000,Weekly,Paid,Weekly Invoice,
26071,40577,2020-11-22,2020-10-23,0.0000,0.0000,Weekly,Paid,Weekly Invoice,
26012,40525,2020-11-15,2020-10-16,0.0000,0.0000,Weekly,Paid,Weekly Invoice,
25946,40455,2020-11-08,2020-10-09,0.0000,0.0000,Weekly,Paid,Weekly Invoice,
25925,40432,2020-11-01,2020-10-02,0.0000,0.0000,Weekly,Paid,Weekly Invoice,
25838,40354,2020-11-01,2020-10-01,2926.3100,2926.3100,Monthly,Paid,ANI : Monthly Invoice for Monthly Services Contract (copy),2020-10-28
25799,40297,2020-10-25,2020-09-25,0.0000,0.0000,Weekly,Paid,Weekly Invoice,
25750,40272,2020-10-18,2020-09-18,0.0000,0.0000,Weekly,Paid,Weekly Invoice,
25702,40238,2020-10-11,2020-09-11,0.0000,0.0000,Weekly,Paid,Weekly Invoice,
25656,40150,2020-10-04,2020-09-04,0.0000,0.0000,Weekly,Paid,Weekly Invoice,
25574,40075,2020-10-01,2020-09-01,2925.1500,2925.1500,Monthly,Paid,ANI : Monthly Invoice for Monthly Services Contract (copy),2020-09-27
25531,40029,2020-09-27,2020-08-28,0.0000,0.0000,Weekly,Paid,Weekly Invoice,
25485,40007,2020-09-20,2020-08-21,0.0000,0.0000,Weekly,Paid,Weekly Invoice,
25437,39930,2020-09-13,2020-08-14,0.0000,0.0000,Weekly,Paid,Weekly Invoice,
25384,39906,2020-09-06,2020-08-07,0.0000,0.0000,Weekly,Paid,Weekly Invoice,
25300,39834,2020-09-01,2020-08-01,2880.7700,2880.7700,Monthly,Paid,ANI : Monthly Invoice for Monthly Services Contract (copy),
25260,39799,2020-08-30,2020-07-31,0.0000,0.0000,Weekly,Paid,Weekly Invoice,
25207,39746,2020-08-23,2020-07-24,0.0000,0.0000,Weekly,Paid,Weekly Invoice,
25161,39703,2020-08-16,2020-07-17,0.0000,0.0000,Weekly,Paid,Weekly Invoice,
25071,39656,2020-08-09,2020-07-10,0.0000,0.0000,Weekly,Paid,Weekly Invoice,
25027,39622,2020-08-02,2020-07-03,0.0000,0.0000,Weekly,Paid,Weekly Invoice,
24948,39545,2020-08-01,2020-07-01,2900.9500,2900.9500,Monthly,Paid,ANI : Monthly Invoice for Monthly Services Contract (copy),
24877,39491,2020-07-26,2020-06-26,0.0000,0.0000,Weekly,Paid,Weekly Invoice,
24833,39448,2020-07-19,2020-06-19,0.0000,0.0000,Weekly,Paid,Weekly Invoice,
24781,39397,2020-07-12,2020-06-12,0.0000,0.0000,Weekly,Paid,Weekly Invoice,
24723,39298,2020-07-05,2020-06-05,0.0000,0.0000,Weekly,Paid,Weekly Invoice,
24662,39322,2020-07-01,2020-06-01,2877.7200,2877.7200,Monthly,Paid,ANI : Monthly Invoice for Monthly Services Contract (copy),
24556,39207,2020-06-28,2020-05-29,0.0000,0.0000,Weekly,Paid,Weekly Invoice,
24511,39138,2020-06-21,2020-05-22,300.0000,300.0000,Weekly,Paid,Weekly Invoice,
24482,39104,2020-06-14,2020-05-15,900.0000,900.0000,Weekly,Paid,Weekly Invoice,
24420,39056,2020-06-11,2020-05-12,1515.0000,1515.0000,Invoice,Paid,Billing Corrections for Servers Upgrade,
24397,39025,2020-06-07,2020-05-08,625.5000,625.5000,Weekly,Paid,Weekly Invoice,
24257,38914,2020-05-31,2020-05-01,90.0000,90.0000,Weekly,Paid,Weekly Invoice,
24305,38943,2020-06-01,2020-05-01,2825.9500,2825.9500,Monthly,Paid,ANI : Monthly Invoice for Monthly Services Contract (copy),
24210,38863,2020-05-24,2020-04-24,45.0000,45.0000,Weekly,Paid,Weekly Invoice,
24161,38818,2020-05-17,2020-04-17,0.0000,0.0000,Weekly,Paid,Weekly Invoice,
24107,38751,2020-05-10,2020-04-10,0.0000,0.0000,Weekly,Paid,Weekly Invoice,
23972,38633,2020-05-03,2020-04-03,0.0000,0.0000,Weekly,Paid,Weekly Invoice,
23943,38611,2020-05-03,2020-04-03,300.0000,300.0000,Invoice,Paid,Create VMANITS2,
24025,38649,2020-05-01,2020-04-01,2718.2000,2718.2000,Monthly,Paid,ANI : Monthly Invoice for Monthly Services Contract (copy),
23922,38579,2020-04-26,2020-03-27,0.0000,0.0000,Weekly,Paid,Weekly Invoice,
23868,38522,2020-04-19,2020-03-20,0.0000,0.0000,Weekly,Paid,Weekly Invoice,
23822,38483,2020-04-12,2020-03-13,0.0000,0.0000,Weekly,Paid,Weekly Invoice,
23763,38416,2020-04-05,2020-03-06,0.0000,0.0000,Weekly,Paid,Weekly Invoice,
23673,38360,2020-04-01,2020-03-01,2851.3000,2851.3000,Monthly,Paid,ANI : Monthly Invoice for Monthly Services Contract (copy),
23618,38269,2020-03-29,2020-02-28,0.0000,0.0000,Weekly,Paid,Weekly Invoice,
23558,38203,2020-03-22,2020-02-21,0.0000,0.0000,Weekly,Paid,Weekly Invoice,
23503,38144,2020-03-15,2020-02-14,0.0000,0.0000,Weekly,Paid,Weekly Invoice,
23441,38077,2020-03-08,2020-02-07,0.0000,0.0000,Weekly,Paid,Weekly Invoice,
23408,38013,2020-03-01,2020-02-01,2781.0900,2781.0900,Monthly,Paid,ANI : Monthly Invoice for Monthly Services Contract (copy),
23283,37954,2020-03-01,2020-01-31,0.0000,0.0000,Weekly,Paid,Weekly Invoice,
23229,37894,2020-02-23,2020-01-24,0.0000,0.0000,Weekly,Paid,Weekly Invoice,
23179,37840,2020-02-16,2020-01-17,1200.0000,1200.0000,Weekly,Paid,Weekly Invoice,
23127,37777,2020-02-09,2020-01-10,0.0000,0.0000,Weekly,Paid,Weekly Invoice,
22926,37601,2020-02-02,2020-01-03,0.0000,0.0000,Weekly,Paid,Weekly Invoice,
23018,37686,2020-02-01,2020-01-01,2605.7300,2605.7300,Monthly,Paid,ANI : Monthly Invoice for Monthly Services Contract (copy),
22873,37548,2020-01-26,2019-12-27,0.0000,0.0000,Weekly,Paid,Weekly Invoice,
22822,37497,2020-01-19,2019-12-20,0.0000,0.0000,Weekly,Paid,Weekly Invoice,
22772,37439,2020-01-12,2019-12-13,0.0000,0.0000,Weekly,Paid,Weekly Invoice,
22724,37388,2020-01-05,2019-12-06,0.0000,0.0000,Weekly,Paid,Weekly Invoice,
22666,37338,2020-01-01,2019-12-01,2372.6200,2372.6200,Monthly,Paid,ANI : Monthly Invoice for Monthly Services Contract (copy),
22582,37264,2019-12-29,2019-11-29,0.0000,0.0000,Weekly,Paid,Weekly Invoice,
22556,37232,2019-12-22,2019-11-22,0.0000,0.0000,Weekly,Paid,Weekly Invoice,
22507,37177,2019-12-15,2019-11-15,0.0000,0.0000,Weekly,Paid,Weekly Invoice,
22458,37126,2019-12-08,2019-11-08,0.0000,0.0000,Weekly,Paid,Weekly Invoice,
22368,37052,2019-12-01,2019-11-01,2393.6600,2393.6600,Monthly,Paid,ANI : Monthly Invoice for Monthly Services Contract (copy),
22305,36975,2019-12-01,2019-11-01,0.0000,0.0000,Weekly,Paid,Weekly Invoice,
22254,36919,2019-11-24,2019-10-25,0.0000,0.0000,Weekly,Paid,Weekly Invoice,
22193,36833,2019-11-17,2019-10-18,0.0000,0.0000,Weekly,Paid,Weekly Invoice,
22132,36779,2019-11-10,2019-10-11,0.0000,0.0000,Weekly,Paid,Weekly Invoice,
22079,36727,2019-11-03,2019-10-04,0.0000,0.0000,Weekly,Paid,Weekly Invoice,
22044,36683,2019-11-01,2019-10-01,2477.0000,2477.0000,Monthly,Paid,ANI : Monthly Invoice for Monthly Services Contract (copy),
21910,36575,2019-10-27,2019-09-27,0.0000,0.0000,Weekly,Paid,Weekly Invoice,
21865,36539,2019-10-20,2019-09-20,0.0000,0.0000,Weekly,Paid,Weekly Invoice,
21814,36486,2019-10-13,2019-09-13,0.0000,0.0000,Weekly,Paid,Weekly Invoice,
21737,36406,2019-10-06,2019-09-06,0.0000,0.0000,Weekly,Paid,Weekly Invoice,
21683,36362,2019-10-01,2019-09-01,2367.7500,2367.7500,Monthly,Paid,ANI : Monthly Invoice for Monthly Services Contract (copy),
21594,36268,2019-09-29,2019-08-30,0.0000,0.0000,Weekly,Paid,Weekly Invoice,
21543,36212,2019-09-22,2019-08-23,0.0000,0.0000,Weekly,Paid,Weekly Invoice,
21495,36149,2019-09-15,2019-08-16,0.0000,0.0000,Weekly,Paid,Weekly Invoice,
21473,36130,2019-09-08,2019-08-09,0.0000,0.0000,Weekly,Paid,Weekly Invoice,
21322,35985,2019-09-01,2019-08-02,0.0000,0.0000,Weekly,Paid,Weekly Invoice,
21385,36081,2019-09-01,2019-08-01,2318.5000,2318.5000,Monthly,Paid,ANI : Monthly Invoice for Monthly Services Contract (copy),
21269,35928,2019-08-25,2019-07-26,0.0000,0.0000,Weekly,Paid,Weekly Invoice,
21222,35877,2019-08-18,2019-07-19,0.0000,0.0000,Weekly,Paid,Weekly Invoice,
21177,35825,2019-08-11,2019-07-12,0.0000,0.0000,Weekly,Paid,Weekly Invoice,
21125,35775,2019-08-04,2019-07-05,0.0000,0.0000,Weekly,Paid,Weekly Invoice,
21048,35688,2019-08-01,2019-07-01,2313.5000,2313.5000,Monthly,Paid,ANI : Monthly Invoice for Monthly Services Contract (copy),
20979,35634,2019-07-28,2019-06-28,0.0000,0.0000,Weekly,Paid,Weekly Invoice,
20928,35582,2019-07-21,2019-06-21,0.0000,0.0000,Weekly,Paid,Weekly Invoice,
20877,35517,2019-07-14,2019-06-14,0.0000,0.0000,Weekly,Paid,Weekly Invoice,
20828,35379,2019-07-07,2019-06-07,0.0000,0.0000,Weekly,Paid,Weekly Invoice,
20744,35434,2019-07-01,2019-06-01,2313.5000,2313.5000,Monthly,Paid,ANI : Monthly Invoice for Monthly Services Contract (copy),
20672,35316,2019-06-30,2019-05-31,0.0000,0.0000,Weekly,Paid,Weekly Invoice,
20617,35259,2019-06-23,2019-05-24,0.0000,0.0000,Weekly,Paid,Weekly Invoice,
20556,35192,2019-06-16,2019-05-17,0.0000,0.0000,Weekly,Paid,Weekly Invoice,
20501,35125,2019-06-09,2019-05-10,0.0000,0.0000,Weekly,Paid,Weekly Invoice,
20326,34967,2019-06-02,2019-05-03,0.0000,0.0000,Weekly,Paid,Weekly Invoice,
20398,35034,2019-06-01,2019-05-01,2318.5000,2318.5000,Monthly,Paid,ANI : Monthly Invoice for Monthly Services Contract (copy),
20274,34903,2019-05-26,2019-04-26,0.0000,0.0000,Weekly,Paid,Weekly Invoice,
20216,34840,2019-05-19,2019-04-19,0.0000,0.0000,Weekly,Paid,Weekly Invoice,
20165,34777,2019-05-12,2019-04-12,0.0000,0.0000,Weekly,Paid,Weekly Invoice,
20008,34627,2019-05-05,2019-04-05,0.0000,0.0000,Weekly,Paid,Weekly Invoice,
20080,34697,2019-05-01,2019-04-01,2367.7500,2367.7500,Monthly,Paid,ANI : Monthly Invoice for Monthly Services Contract (copy),
19939,34561,2019-04-28,2019-03-29,0.0000,0.0000,Weekly,Paid,Weekly Invoice,
19880,34489,2019-04-21,2019-03-22,0.0000,0.0000,Weekly,Paid,Weekly Invoice,
19824,34427,2019-04-14,2019-03-15,0.0000,0.0000,Weekly,Paid,Weekly Invoice,
19764,34359,2019-04-07,2019-03-08,0.0000,0.0000,Weekly,Paid,Weekly Invoice,
19567,34165,2019-03-31,2019-03-01,0.0000,0.0000,Weekly,Paid,Weekly Invoice,
19675,34264,2019-04-01,2019-03-01,2362.7500,2362.7500,Monthly,Paid,ANI : Monthly Invoice for Monthly Services Contract (copy),
19511,34105,2019-03-24,2019-02-22,0.0000,0.0000,Weekly,Paid,Weekly Invoice,
19449,34043,2019-03-17,2019-02-15,0.0000,0.0000,Weekly,Paid,Weekly Invoice,
19401,33989,2019-03-10,2019-02-08,0.0000,0.0000,Weekly,Paid,Weekly Invoice,
19245,33847,2019-03-03,2019-02-01,0.0000,0.0000,Weekly,Paid,Weekly Invoice,
19348,33939,2019-03-01,2019-02-01,2254.2500,2254.2500,Monthly,Paid,ANI : Monthly Invoice for Monthly Services Contract (copy),
19195,33796,2019-02-24,2019-01-25,0.0000,0.0000,Weekly,Paid,Weekly Invoice,
19137,33732,2019-02-17,2019-01-18,0.0000,0.0000,Weekly,Paid,Weekly Invoice,
19066,33659,2019-02-10,2019-01-11,0.0000,0.0000,Weekly,Paid,Weekly Invoice,
18881,33507,2019-02-03,2019-01-04,0.0000,0.0000,Weekly,Paid,Weekly Invoice,
19189,33790,2019-02-01,2019-01-01,2264.2500,2264.2500,Monthly,Paid,ANI : Monthly Invoice for Monthly Services Contract (copy),
19187,33788,2019-02-01,2019-01-01,2227.5000,2227.5000,Monthly,Void,ANI : Monthly Invoice for Monthly Services Contract (copy),
18827,33447,2019-01-27,2018-12-28,0.0000,0.0000,Weekly,Paid,Weekly Invoice,
18772,33379,2019-01-13,2018-12-14,0.0000,0.0000,Weekly,Paid,Weekly Invoice,
18703,33293,2019-01-06,2018-12-07,0.0000,0.0000,Weekly,Paid,Weekly Invoice,
18600,33217,2019-01-04,2018-12-04,2844.6000,2844.6000,Invoice,Paid,Remote Desktop User CALs,
18616,33233,2019-01-01,2018-12-01,1862.2500,1862.2500,Monthly,Paid,ANI : Monthly Invoice for Monthly Services Contract,
18559,33175,2018-12-30,2018-11-30,0.0000,0.0000,Weekly,Paid,Weekly Invoice,
18509,33119,2018-12-23,2018-11-23,0.0000,0.0000,Weekly,Paid,Weekly Invoice,
18462,33073,2018-12-16,2018-11-16,437.5000,437.5000,Weekly,Paid,Weekly Invoice,
18404,33017,2018-12-09,2018-11-09,0.0000,0.0000,Weekly,Paid,Weekly Invoice,
18350,32961,2018-12-02,2018-11-02,0.0000,0.0000,Weekly,Paid,Weekly Invoice,
18254,32874,2018-12-01,2018-11-01,1819.7500,1819.7500,Monthly,Paid,ANI : Monthly Invoice for Monthly Services Contract,
18187,32813,2018-11-25,2018-10-26,0.0000,0.0000,Weekly,Paid,Weekly Invoice,
18136,32758,2018-11-18,2018-10-19,0.0000,0.0000,Weekly,Paid,Weekly Invoice,
18087,32701,2018-11-11,2018-10-12,0.0000,0.0000,Weekly,Paid,Weekly Invoice,
17894,32538,2018-11-04,2018-10-05,0.0000,0.0000,Weekly,Paid,Weekly Invoice,
17957,32595,2018-11-01,2018-10-01,2004.2000,2004.2000,Monthly,Paid,ANI : Monthly Invoice for Monthly Services Contract,
17836,32477,2018-10-28,2018-09-28,0.0000,0.0000,Weekly,Paid,Weekly Invoice,
17781,32421,2018-10-21,2018-09-21,0.0000,0.0000,Weekly,Paid,Weekly Invoice,
17706,32344,2018-10-14,2018-09-14,0.0000,0.0000,Weekly,Paid,Weekly Invoice,
17536,32194,2018-10-07,2018-09-07,0.0000,0.0000,Weekly,Paid,Weekly Invoice,
17594,32244,2018-10-01,2018-09-01,2034.2000,2034.2000,Monthly,Paid,ANI : Monthly Invoice for Monthly Services Contract,
17483,32138,2018-09-30,2018-08-31,0.0000,0.0000,Weekly,Paid,Weekly Invoice,
17435,32082,2018-09-23,2018-08-24,0.0000,0.0000,Weekly,Paid,Weekly Invoice,
17384,32021,2018-09-16,2018-08-17,0.0000,0.0000,Weekly,Paid,Weekly Invoice,
17300,31930,2018-09-09,2018-08-10,0.0000,0.0000,Weekly,Paid,Weekly Invoice,
17152,31797,2018-09-02,2018-08-03,0.0000,0.0000,Weekly,Paid,Weekly Invoice,
17217,31864,2018-09-01,2018-08-01,2037.2000,2037.2000,Monthly,Paid,ANI : Monthly Invoice for Monthly Services Contract,
17108,31740,2018-08-26,2018-07-27,0.0000,0.0000,Weekly,Paid,Weekly Invoice,
17030,31667,2018-08-19,2018-07-20,0.0000,0.0000,Weekly,Paid,Weekly Invoice,
16982,31617,2018-08-12,2018-07-13,0.0000,0.0000,Weekly,Paid,Weekly Invoice,
16937,31559,2018-08-05,2018-07-06,0.0000,0.0000,Weekly,Paid,Weekly Invoice,
16850,31444,2018-08-01,2018-07-01,1771.2500,1771.2500,Monthly,Paid,ANI : Monthly Invoice for Monthly Services Contract,
16792,31386,2018-07-29,2018-06-29,0.0000,0.0000,Weekly,Paid,Weekly Invoice,
16441,31312,2018-07-25,2018-06-25,993.1900,993.1900,Invoice,Paid,Sophos XG Firewall,
16730,31316,2018-07-22,2018-06-22,0.0000,0.0000,Weekly,Paid,Weekly Invoice,
16675,31247,2018-07-15,2018-06-15,0.0000,0.0000,Weekly,Paid,Weekly Invoice,
16610,31096,2018-07-08,2018-06-08,0.0000,0.0000,Weekly,Paid,Weekly Invoice,
16559,31156,2018-07-01,2018-06-01,2393.5000,2393.5000,Monthly,Paid,ANI : Monthly Invoice for Monthly Services Contract,
16384,31028,2018-07-01,2018-06-01,0.0000,0.0000,Weekly,Paid,Weekly Invoice,
16265,30910,2018-06-17,2018-05-18,0.0000,0.0000,Weekly,Paid,Weekly Invoice,
16202,30840,2018-06-10,2018-05-11,0.0000,0.0000,Weekly,Paid,Weekly Invoice,
16135,30769,2018-06-03,2018-05-04,0.0000,0.0000,Weekly,Paid,Weekly Invoice,
16052,30643,2018-06-01,2018-05-01,2368.5000,2368.5000,Monthly,Paid,ANI : Monthly Invoice for Monthly Services Contract,
15992,30696,2018-05-27,2018-04-27,0.0000,0.0000,Weekly,Paid,Weekly Invoice,
15925,30581,2018-05-20,2018-04-20,0.0000,0.0000,Weekly,Paid,Weekly Invoice,
15867,30516,2018-05-13,2018-04-13,0.0000,0.0000,Weekly,Paid,Weekly Invoice,
15711,30327,2018-05-06,2018-04-06,0.0000,0.0000,Weekly,Paid,Weekly Invoice,
15771,30380,2018-05-01,2018-04-01,2348.5000,2348.5000,Monthly,Paid,ANI : Monthly Invoice for Monthly Service,
15608,30232,2018-04-22,2018-03-23,0.0000,0.0000,Weekly,Paid,Weekly Invoice,
15552,30157,2018-04-15,2018-03-16,0.0000,0.0000,Weekly,Paid,Weekly Invoice,
15502,30103,2018-04-08,2018-03-09,0.0000,0.0000,Weekly,Paid,Weekly Invoice,
15345,29927,2018-04-01,2018-03-02,0.0000,0.0000,Weekly,Paid,Weekly Invoice,
15400,30037,2018-04-01,2018-03-01,2308.5000,2308.5000,Monthly,Paid,ANI : Monthly Invoice for Monthly Support Contract,
15299,29875,2018-03-25,2018-02-23,0.0000,0.0000,Weekly,Paid,Weekly Invoice,
15237,29809,2018-03-18,2018-02-16,0.0000,0.0000,Weekly,Paid,Weekly Invoice,
15172,29761,2018-03-11,2018-02-09,0.0000,0.0000,Weekly,Paid,Weekly Invoice,
15108,29705,2018-03-04,2018-02-02,0.0000,0.0000,Weekly,Paid,Weekly Invoice,
15003,29601,2018-03-01,2018-02-01,2194.2500,2194.2500,Monthly,Paid,ANI : Monthly Invoice for Monthly Services Contract (copy) (copy) (copy),
14944,29527,2018-02-25,2018-01-26,0.0000,0.0000,Weekly,Paid,Weekly Invoice,
14888,27281,2018-02-18,2018-01-19,0.0000,0.0000,Weekly,Paid,Weekly Invoice,
14839,27213,2018-02-11,2018-01-12,0.0000,0.0000,Weekly,Paid,Weekly Invoice,
14785,27161,2018-02-04,2018-01-05,0.0000,0.0000,Weekly,Paid,Weekly Invoice,
14654,27019,2018-02-01,2018-01-01,2179.2500,2179.2500,Monthly,Paid,ANI : Monthly Invoice for Monthly Services Contract (copy) (copy) (copy),
14592,26954,2018-01-28,2017-12-29,0.0000,0.0000,Weekly,Paid,Weekly Invoice,
14421,26749,2018-01-07,2017-12-08,0.0000,0.0000,Weekly,Paid,Weekly Invoice,
14195,26580,2017-12-31,2017-12-01,0.0000,0.0000,Weekly,Paid,Weekly Invoice,
14260,26645,2018-01-01,2017-12-01,2214.2500,2214.2500,Monthly,Paid,ANI : Monthly Invoice for Monthly Services Contract (copy) (copy),
14057,26487,2017-12-24,2017-11-24,0.0000,0.0000,Weekly,Paid,Weekly Invoice,
13586,26339,2017-12-01,2017-11-01,2134.2500,2134.2500,Monthly,Paid,ANI : Monthly Invoice for Monthly Services Contract (copy),
13067,26147,2017-11-26,2017-10-27,0.0000,0.0000,Weekly,Paid,Weekly Invoice,
13021,26091,2017-11-19,2017-10-20,0.0000,0.0000,Weekly,Paid,Weekly Invoice,
12964,26068,2017-11-12,2017-10-13,0.0000,0.0000,Weekly,Paid,Weekly Invoice,
12776,25846,2017-11-01,2017-10-01,2134.2500,2134.2500,Monthly,Paid,ANI : Monthly Invoice for Monthly Services Contract,
12338,25800,2017-10-29,2017-09-29,0.0000,0.0000,Weekly,Paid,Weekly Invoice,
12286,25742,2017-10-22,2017-09-22,0.0000,0.0000,Weekly,Paid,Weekly Invoice,
12139,25653,2017-10-15,2017-09-15,0.0000,0.0000,Weekly,Paid,Weekly Invoice,
11886,25343,2017-10-01,2017-09-01,0.0000,0.0000,Weekly,Paid,Weekly Invoice,
11967,25400,2017-10-01,2017-09-01,1955.0000,1955.0000,Monthly,Paid,"Andersen Industries, Inc. : Monthly Invoice For Monthly Services Contract",
11832,25284,2017-09-25,2017-08-25,0.0000,0.0000,Weekly,Paid,Weekly Invoice,
11716,25155,2017-09-11,2017-08-11,0.0000,0.0000,Weekly,Paid,Weekly Invoice,
11649,25066,2017-09-04,2017-08-04,0.0000,0.0000,Weekly,Paid,Weekly Invoice,
11620,24947,2017-09-01,2017-08-01,1955.0000,1955.0000,Monthly,Paid,"Andersen Industries, Inc. : Monthly Invoice For Monthly Services Contract",
11476,24900,2017-08-28,2017-07-28,0.0000,0.0000,Weekly,Paid,Weekly Invoice,
11429,24819,2017-08-21,2017-07-21,0.0000,0.0000,Weekly,Paid,Weekly Invoice,
11426,24807,2017-08-20,2017-07-20,348.2400,348.2400,Invoice,Paid,APC Network Module,
11380,24768,2017-08-14,2017-07-14,0.0000,0.0000,Weekly,Paid,Weekly Invoice,
11310,24703,2017-08-07,2017-07-07,0.0000,0.0000,Weekly,Paid,Weekly Invoice,
11224,24570,2017-08-01,2017-07-01,1947.0000,1947.0000,Monthly,Paid,"Andersen Industries, Inc. : Monthly Invoice For Monthly Services Contract",
11136,24509,2017-07-30,2017-06-30,0.0000,0.0000,Weekly,Paid,Weekly Invoice,
11083,24450,2017-07-23,2017-06-23,0.0000,0.0000,Weekly,Paid,Weekly Invoice,
11026,24411,2017-07-16,2017-06-16,0.0000,0.0000,Weekly,Paid,Weekly Invoice,
11022,24366,2017-07-15,2017-06-15,7250.0000,7250.0000,One-Time,Paid,"Proposal Invoice For New Server Setup, Configuration and Migration of VMs.",
10900,24239,2017-07-02,2017-06-02,0.0000,0.0000,Weekly,Paid,Weekly Invoice,
10816,24113,2017-07-01,2017-06-01,1826.7500,1826.7500,Monthly,Paid,"Andersen Industries, Inc. : Monthly Invoice For Monthly Services Contract",
10722,24057,2017-06-26,2017-05-26,0.0000,0.0000,Weekly,Paid,Weekly Invoice,
10617,23919,2017-06-12,2017-05-12,0.0000,0.0000,Weekly,Paid,Weekly Invoice,
10567,23854,2017-06-05,2017-05-05,0.0000,0.0000,Weekly,Paid,Weekly Invoice,
10467,23752,2017-06-01,2017-05-01,1771.7500,1771.7500,Monthly,Paid,"Andersen Industries, Inc. : Monthly Invoice For Monthly Services Contract",
10370,23645,2017-05-28,2017-04-28,0.0000,0.0000,Weekly,Paid,Weekly Invoice,
10312,23614,2017-05-21,2017-04-21,0.0000,0.0000,Weekly,Paid,Weekly Invoice,
10304,23554,2017-05-18,2017-04-18,956.8200,956.8200,Invoice,Paid,Windows Server 2016 Std Licensing,
10253,23517,2017-05-14,2017-04-14,0.0000,0.0000,Weekly,Paid,Weekly Invoice,
10194,23474,2017-05-07,2017-04-07,0.0000,0.0000,Weekly,Paid,Weekly Invoice,
10165,23334,2017-05-01,2017-04-01,1777.5000,1777.5000,Monthly,Paid,"Andersen Industries, Inc. : Monthly Invoice For Monthly Services Contract",
8867,23092,2017-04-10,2017-03-10,0.0000,0.0000,Weekly,Paid,Weekly Invoice,
8753,22959,2017-04-03,2017-03-03,0.0000,0.0000,Weekly,Paid,Weekly Invoice,
8721,22892,2017-04-01,2017-03-01,1746.0000,1746.0000,Monthly,Paid,"Andersen Industries, Inc. : Monthly Invoice For Monthly Services Contract",
8489,22654,2017-03-03,2017-02-03,0.0000,0.0000,Weekly,Paid,Weekly Invoice,
8177,22539,2017-03-01,2017-02-01,1641.0000,1641.0000,Monthly,Paid,ANI : Monthly Invoice For Monthly Services Contract,
8385,22492,2017-02-27,2017-01-27,0.0000,0.0000,Weekly,Paid,Weekly Invoice,
8330,22427,2017-02-20,2017-01-20,0.0000,0.0000,Weekly,Paid,Weekly Invoice,
7792,22132,2017-02-01,2017-01-01,1641.0000,1641.0000,Monthly,Paid,ANI : Monthly Invoice For Monthly Services Contract,
7647,22044,2017-01-23,2016-12-23,0.0000,0.0000,Weekly,Paid,Weekly Invoice,
7194,21770,2017-01-01,2016-12-01,1641.0000,1641.0000,Monthly,Paid,ANI : Monthly Invoice For Monthly Services Contract,
6773,21602,2016-12-25,2016-11-25,0.0000,0.0000,Weekly,Paid,Weekly Invoice,
6723,21555,2016-12-18,2016-11-18,0.0000,0.0000,Weekly,Paid,Weekly Invoice,
6437,21216,2016-11-27,2016-10-28,0.0000,0.0000,Weekly,Paid,Weekly Invoice,
6390,21160,2016-11-20,2016-10-21,0.0000,0.0000,Weekly,Paid,Weekly Invoice,
6169,21095,2016-11-13,2016-10-14,0.0000,0.0000,Weekly,Paid,Weekly Invoice,
6064,21015,2016-11-06,2016-10-07,0.0000,0.0000,Weekly,Paid,Weekly Invoice,
6022,20922,2016-10-30,2016-09-30,0.0000,0.0000,Weekly,Paid,Weekly Invoice,
5975,20805,2016-10-23,2016-09-23,0.0000,0.0000,Weekly,Paid,Weekly Invoice,
5881,20653,2016-10-09,2016-09-09,0.0000,0.0000,Weekly,Paid,Weekly Invoice,
5793,20494,2016-09-25,2016-08-26,0.0000,0.0000,Weekly,Paid,Weekly Invoice,
5740,20407,2016-09-18,2016-08-19,0.0000,0.0000,Weekly,Paid,Weekly Invoice,
5688,20351,2016-09-11,2016-08-12,0.0000,0.0000,Weekly,Paid,Weekly Invoice,
5636,20262,2016-09-04,2016-08-05,0.0000,0.0000,Weekly,Paid,Weekly Invoice,
5371,20171,2016-08-28,2016-07-29,0.0000,0.0000,Weekly,Paid,Weekly Invoice,
